RShoulder_x,RShoulder_y,RShoulder_z,LShoulder_x,LShoulder_y,LShoulder_z,Neck_x,Neck_y,Neck_z,RElbow_x,RElbow_y,RElbow_z,LElbow_x,LElbow_y,LElbow_z,RWrist_x,RWrist_y,RWrist_z,LWrist_x,LWrist_y,LWrist_z,RHip_x,RHip_y,RHip_z,LHip_x,LHip_y,LHip_z,midHip_x,midHip_y,midHip_z,RKnee_x,RKnee_y,RKnee_z,LKnee_x,LKnee_y,LKnee_z,RAnkle_x,RAnkle_y,RAnkle_z,LAnkle_x,LAnkle_y,LAnkle_z,RHeel_x,RHeel_y,RHeel_z,LHeel_x,LHeel_y,LHeel_z,RBigToe_x,RBigToe_y,RBigToe_z,LBigToe_x,LBigToe_y,LBigToe_z,RSmallToe_x,RSmallToe_y,RSmallToe_z,LSmallToe_x,LSmallToe_y,LSmallToe_z
-0.09371058356921198,-0.24024928344323632,1.3072528291484402,0.1876726956762701,-0.27835395201066676,1.2959757283227011,0.04506701349608053,-0.2792941170057682,1.394928809524398,-0.16354250269538473,-0.23499900565955412,1.0445662870522954,0.2339448640274459,-0.2695782499229492,1.041961552346947,-0.2582604058903788,-0.27965018109311346,0.8178870492203594,0.29250039315441406,-0.29990738999059585,0.8079789048419673,-0.054682525998194724,-0.2731607704321157,0.8642731643961723,0.1266106264357011,-0.29585405102991025,0.8604023827588456,0.038863315349681085,-0.2768852195153834,0.8822309537807972,-0.09254194472646207,-0.24631465865535185,0.478560381318443,0.15675246375723523,-0.21852913489408682,0.47229747125551247,-0.13748203929653252,-0.19765208244509047,0.09242713488050365,0.18904127158611678,-0.1671226754967448,0.09072054719902371,-0.13208843769649864,-0.1359632672686108,0.026425328147820164,0.1854443339338896,-0.11364184600950852,0.029555795753523177,-0.13628151955184675,-0.32040948419936327,0.030851361601590604,0.20219812368689738,-0.30140836272934124,0.03508531860077242,-0.18717430826029258,-0.29090456316239033,0.02347958648261097,0.24875904073429256,-0.2579987897430579,0.03572935039368733
-0.09457302206239686,-0.2369186711055798,1.3082580640152695,0.18825125794754427,-0.2733937341232636,1.2990046985381518,0.0448771913233302,-0.28061810986974617,1.3954555195973097,-0.1611191010080516,-0.21901422424239486,1.0465406363897949,0.23516247985164979,-0.26333669294259543,1.0393049974906594,-0.257747903625186,-0.28685883733091605,0.8179331671381581,0.29413194627531125,-0.30146276969795194,0.8062556815691604,-0.054095334425214955,-0.27864999807677565,0.8643205885940344,0.12767106220258467,-0.2985151553318231,0.8607617016153498,0.038654778656471885,-0.28377352517210025,0.8823860028781398,-0.09210915758269514,-0.25189142510427953,0.47885128113549963,0.15801637538588775,-0.22078087200353902,0.4727576155690737,-0.1364473906885536,-0.18673147769980591,0.0884744328307916,0.19096921163838543,-0.15839857533502028,0.08934784265525121,-0.13214497290685784,-0.11205123310501941,0.02115463305056993,0.18698374881367114,-0.10582195184066348,0.030654412397892197,-0.1369983003763383,-0.3282880862935058,0.03285270643999187,0.20234612098942723,-0.3061416392437212,0.03583874783191497,-0.18820976803978262,-0.3010927686968296,0.0271642574907289,0.24756764395309638,-0.2578503470156658,0.034578938009506614
-0.09530794066097815,-0.24323055634294238,1.3083555698045082,0.18759217800698885,-0.273428265854279,1.2996512709000072,0.043820507129647766,-0.2824390991916294,1.3960467051157832,-0.15993486345300784,-0.21204086031906422,1.0479279888022668,0.23457779018095237,-0.263116781022593,1.037983011058869,-0.25742895994395876,-0.2847170390279717,0.8184124253532562,0.29557394123150843,-0.29899844233834344,0.8052489005484502,-0.0533557305673064,-0.2748798656442312,0.865062927959478,0.12852151353275582,-0.2984651526766802,0.86186578331895,0.037833970383422386,-0.28914493693216614,0.8825513569116868,-0.09146590506387972,-0.24869233783736922,0.4783503585563278,0.15897742129570192,-0.22082584119587523,0.4729317632038677,-0.13607429965847306,-0.18338457776857192,0.08748254673465547,0.19247449061948624,-0.1522137311789818,0.08841317354797217,-0.13128128420418683,-0.10322545821842233,0.01957517286511698,0.18756596555878746,-0.10300763474472277,0.03014366757846841,-0.13745402739973955,-0.33542857052187514,0.03502993948374434,0.20168979629979228,-0.3107816210402525,0.03702308368565786,-0.18820466906001748,-0.30665932466726825,0.028992662629256857,0.24783722839879857,-0.255589792755107,0.033320764654428355
-0.09571693363352174,-0.25365628123651807,1.3077971174521044,0.18687766895523605,-0.2752652137291485,1.2983280919187847,0.04322575176225172,-0.28340278727337415,1.396621327539341,-0.15999522708105135,-0.2135860573787593,1.0479306715233188,0.2336862306365542,-0.26516633555331154,1.037325065402512,-0.2574629793362304,-0.2790980528646886,0.8191603803345106,0.29637576175178165,-0.2952339461033444,0.8050575215219531,-0.052938603565637773,-0.268200545704781,0.8661275745074624,0.12896334679452853,-0.2958755513167715,0.8637621469815844,0.03696431554999147,-0.2907056666714822,0.883053356233701,-0.09109111027798153,-0.24284924469204144,0.47773191238521706,0.15943486158176945,-0.21841206104485789,0.4727583586191254,-0.13567708850087443,-0.1841746742823726,0.08808889977559337,0.1931501551462818,-0.1501836201673054,0.0885197441734738,-0.1299052619919128,-0.10770862933951159,0.021359144001237323,0.18775288272799812,-0.10141367554393721,0.02855805739839986,-0.13778985255206572,-0.34195836200103,0.037600960680788525,0.20094335604934332,-0.31200295279038603,0.03778123753648805,-0.18743428124349032,-0.309899039770266,0.029897397800837482,0.2489020366500958,-0.2529018686451362,0.032489155600774484
-0.09575047969769868,-0.25709979904673014,1.3076585286879907,0.1877227140122933,-0.2737824523011467,1.29710024260278,0.04424497085851215,-0.2819782319936359,1.3970355254914235,-0.16020538448786986,-0.21657180437222612,1.0467464345517543,0.23477904387757892,-0.2630918500119885,1.0363848922887815,-0.2578181667228318,-0.28075792889680845,0.8194715953786861,0.2962678177538942,-0.2956780950675634,0.8053702983816332,-0.05337773898064013,-0.26993840811923253,0.8670625878177926,0.129028057708924,-0.29299329130912183,0.8654717453528219,0.03685709797188397,-0.2881827551823877,0.8840937503465468,-0.0915837813600573,-0.24422390732381266,0.4782289432453148,0.15957951236651013,-0.21457137060846215,0.4723682484762118,-0.13482937281848822,-0.1827827048510246,0.08773198321122647,0.19301283475966385,-0.15209204398737597,0.0896320697330139,-0.12922413276837869,-0.11205657361619834,0.02272410176767324,0.18800865861260913,-0.09839515618373565,0.02811492409635933,-0.13816894319233763,-0.3462318916109614,0.039752813519515526,0.20105558677267388,-0.30780294028815885,0.036854835098250716,-0.18720527338553317,-0.31349025494997773,0.03118342015645989,0.24922669767598726,-0.25266779310590887,0.032444802273233826
-0.09571064299400679,-0.25338133210301417,1.3083594687342095,0.189227317719814,-0.2712186764723435,1.2967435251478299,0.045257813504948716,-0.27998008425224225,1.3971818305301729,-0.1599161660254782,-0.21675679176721585,1.0458081554296146,0.2371160332129545,-0.2586548789669405,1.0354511430722186,-0.2582770345033921,-0.28749664225663446,0.8187423541472847,0.2956246485723363,-0.30017106202328814,0.8058772829930386,-0.05438043299679823,-0.277625692282757,0.8681701485251055,0.12884498715025816,-0.2920219494708152,0.8660279289860653,0.03712408589315577,-0.28545219767712504,0.8851400390383227,-0.09259941622031087,-0.2502180274791121,0.47986962262701016,0.15973078819501185,-0.21065981534460937,0.47206815630928545,-0.13436074926670782,-0.18032940783293028,0.08701728948707899,0.19259166175183828,-0.15536132761953536,0.09060379235979467,-0.12964733335427714,-0.10927921017723385,0.021555026681631513,0.1878249212484574,-0.09856794592590926,0.02965542974825211,-0.1380912580898751,-0.3446602749619291,0.039771308619232545,0.2015417647860553,-0.30265915845524843,0.03475749236726074,-0.1878492220105123,-0.3129556041741431,0.03138798040991569,0.2485550285027061,-0.2553435696328371,0.03293613381353165
-0.09588164087861215,-0.2505785977515689,1.3090623699475645,0.18924607494769935,-0.2729034902102586,1.296595257595837,0.044334715309176626,-0.2804893287539812,1.3972039270999552,-0.15974677614164107,-0.21550092968313617,1.0458678549045177,0.2382618977020392,-0.25754094471646977,1.0346837455154332,-0.2586764975433504,-0.28832291364784135,0.8172955096962594,0.29518003802527315,-0.302672329110763,0.8063356770890909,-0.05505435970015172,-0.27934712103786896,0.869571243168304,0.12848942912128586,-0.29356825463625114,0.8658121420881598,0.03686106443469705,-0.2864176432535766,0.8853805412379581,-0.09305888610738075,-0.25239930790388543,0.4814402613793287,0.15977660561444157,-0.20816584662659338,0.472236611515753,-0.13459447269363312,-0.18118602960426822,0.08798592891587395,0.1923558503568082,-0.15666237290877078,0.09035665950872311,-0.13029045244364418,-0.10483694332387308,0.02027187769649271,0.18740695681574188,-0.1028101418594998,0.031337957489820954,-0.13696331933772565,-0.336911335645292,0.03720773475759197,0.20142320597490904,-0.30241415158890905,0.033637323074498245,-0.18806862266440594,-0.3042357872118754,0.028676062196954538,0.2477756307445798,-0.25937191834026146,0.03381006610688992
-0.09598500493401345,-0.25195014418436806,1.3089134725959837,0.18796143157096967,-0.2765625712219895,1.2966668438866287,0.04274892245191168,-0.2819191283291823,1.397498085924175,-0.1602496179493345,-0.21502105525788934,1.0461585079786917,0.23784832962537483,-0.25890500318779414,1.0337203902409655,-0.2589809491623849,-0.2810185479318239,0.8164354126207486,0.2953142846676459,-0.29949543500179077,0.8065198330204175,-0.05488294573939906,-0.27306493797983716,0.8706607774893274,0.12837349328985187,-0.2953164910010376,0.8660002867483663,0.03645962376249753,-0.28895972276650334,0.8848596982833523,-0.0925727155211368,-0.25078308275829536,0.4819254989259577,0.15947750003755812,-0.20776945949441922,0.47284960609599036,-0.13456026920696612,-0.18534857264237792,0.09024542083682137,0.19224933397267696,-0.1556993989185687,0.08934308457155811,-0.1301118050746371,-0.10586843589145997,0.0217555134503849,0.18748839762858943,-0.10550681146915974,0.031877433738855564,-0.13553608756808483,-0.32850118619803387,0.033946909857897195,0.2008552057821597,-0.3058017654113767,0.03437494989773364,-0.18725357627838413,-0.29408139436783004,0.02486364787570482,0.24751719134886624,-0.26272051117038053,0.0350495752930417
-0.09552204714527794,-0.2535974916437051,1.3083506736083295,0.18787656948216264,-0.2742987420203521,1.2977336413266602,0.043166206574088754,-0.28003459540987846,1.398038129265308,-0.16071705927134705,-0.21534251059969267,1.0461790811821978,0.2374467361340255,-0.257597896250054,1.033126874446494,-0.2591262025511632,-0.2741629287813675,0.8169481207823756,0.29570191274443913,-0.29429874403234807,0.8062566570485575,-0.054143847564270556,-0.268758553938665,0.8710921404824048,0.1290770060937637,-0.2938975000885087,0.8669360908155582,0.03724283988211804,-0.2872004208810195,0.8845236325785982,-0.09193825818615828,-0.25001669620538736,0.4812871723734496,0.15911007563745327,-0.20861242103334415,0.4732544742198017,-0.1337214292964008,-0.1887765433399189,0.09133618898227959,0.19194324538473856,-0.15568490366408194,0.08893048499099548,-0.12910294478192974,-0.1115821461705285,0.024603922583881215,0.18714357164526535,-0.10685984770473564,0.03295275046142223,-0.135412072792211,-0.3256403560265122,0.032425756777905546,0.20053125818899564,-0.3075829292981634,0.03552961570101424,-0.1867503822825773,-0.29278238392623257,0.02364395700328803,0.2474991155709279,-0.26395468933175564,0.03614632657358583
-0.09467425629943604,-0.25137483370583086,1.308528158164239,0.18978687991956344,-0.2660852382926931,1.299332161418544,0.04542682355736715,-0.27529949726459907,1.3982706789489545,-0.1604563552259889,-0.21620130280005811,1.0466369660897272,0.2376762031747942,-0.2539923470388766,1.0337211779153388,-0.2589961508863106,-0.27350463011670045,0.8178561841006071,0.2957216042924778,-0.2931973546933664,0.805688837501939,-0.05357573240958588,-0.2718013918185462,0.8712065257242636,0.13021435008407561,-0.29024835468252125,0.8677977081459813,0.03918195962699197,-0.28084205689817676,0.8849823959421085,-0.09185559978199268,-0.24897688497453402,0.47993950696035964,0.15908041548170687,-0.20925240931446176,0.4729308587996668,-0.13293807924197587,-0.1883385886255976,0.09018172483216845,0.1915348300900362,-0.15761268369366338,0.0892353740405773,-0.1281923763255851,-0.11631354661321419,0.02547560017113646,0.184955763444676,-0.11240070799567334,0.035593124065403464,-0.1365900460621298,-0.32831150595394226,0.03304080540318233,0.2004455548411178,-0.307349628837634,0.035812209881534406,-0.18741401242774186,-0.29919267153170076,0.02555580871499893,0.24719504670859715,-0.26309359158894036,0.036340976039479424
-0.09423546728717588,-0.24482438090681413,1.3096732514018,0.19095172892412532,-0.2625170398640047,1.2997540569759378,0.046900231389479484,-0.2717977845014735,1.3981156038068123,-0.16021485620618475,-0.21803032101269465,1.0476899938410846,0.23776442499016687,-0.25315023578004264,1.034662792587981,-0.2585647278133833,-0.2763464615782823,0.8178883582169384,0.2952199400256199,-0.2969951839238209,0.8054254804479076,-0.053774507471894196,-0.27618828491215697,0.8710886448227293,0.1304722321884914,-0.28967550376139234,0.8676348510334466,0.04052579060722188,-0.27687248893690447,0.8857920978926375,-0.09195281555051352,-0.24508978330299142,0.47842154044596336,0.15914893791650464,-0.2092912067613088,0.472461282729008,-0.13322626862501014,-0.18580694780849832,0.08859414382247846,0.19171476692545614,-0.1575078213006071,0.08889536103565499,-0.12823776308502902,-0.11756700868148245,0.02445166372382784,0.18250980772417696,-0.11885686948972668,0.036817359837302874,-0.1371523039549119,-0.33007700120983535,0.03359434104970739,0.20051930622577607,-0.3073825853899906,0.035603683540051945,-0.18790366613691306,-0.30242034818380764,0.02745039635205282,0.2471056674393065,-0.2603999903566773,0.035394839100658895
-0.09458345130283603,-0.237331681371316,1.310607198572006,0.1889764952525006,-0.26940439232850233,1.2985127947900277,0.04631557334424968,-0.27120037788991597,1.3979368865411477,-0.16088787983698238,-0.21959067905911622,1.0479661471771244,0.23732339779808836,-0.25573698105724224,1.0346860528368458,-0.2580010165470612,-0.27889018975455027,0.8175885865192003,0.2946421142804598,-0.30080115433698373,0.8058444898676934,-0.054539971168884774,-0.27601826067954194,0.8703267923149071,0.12948836009172948,-0.29355136758962225,0.8664192989087839,0.04007613766826852,-0.27946959927955733,0.8861541928063946,-0.09167474925258172,-0.2420163914653758,0.4777020872427747,0.15873418063680111,-0.21006245950085028,0.47303538925497673,-0.1344281179438382,-0.18630726409846365,0.08898875283008545,0.19280070542669447,-0.15362522345322005,0.08766119095944978,-0.12921974526603908,-0.11780598626822625,0.0246047404342095,0.18331687016669035,-0.11651395713246024,0.03386740226105833,-0.13615802823571632,-0.32617838201377247,0.03202342100944726,0.20130320491677622,-0.30595690052139074,0.03549694874471712,-0.18705528126572007,-0.2975877854688864,0.02680764225061888,0.2483826824135989,-0.25572615330480447,0.033960721282063136
-0.09528656819828236,-0.23512540716878905,1.3100946413608954,0.1858130103474221,-0.27778720430982606,1.297212840962704,0.04484711598165775,-0.27313119698816507,1.3974378938273886,-0.161745477725192,-0.21800861708024422,1.0465990453399883,0.2366928761393865,-0.2574970480695004,1.0344455187968897,-0.25767030147348363,-0.2810133780468801,0.818232750904035,0.29435870365723227,-0.3006086072664424,0.8063533685257439,-0.05486606012903563,-0.27332121450717717,0.8690927771310687,0.12863570376464595,-0.29578618349466945,0.8651230986389763,0.03853425326989464,-0.284169083284695,0.8858681501642751,-0.09128050423373003,-0.24345069182816143,0.4784499647298058,0.1577770112076901,-0.21314853812793189,0.47464293843810035,-0.13546505281561622,-0.19069498617554403,0.09128111280349178,0.1939974509597674,-0.15102872609886575,0.08725647581705999,-0.13036739058991184,-0.1195663760748262,0.026971095212239383,0.18747454663904684,-0.10633226711829238,0.029459927757730833,-0.13497563919510314,-0.32104225858590046,0.029798703207747086,0.2027194555999811,-0.3014779629082893,0.03533525870079757,-0.1859130041137319,-0.29220486761671044,0.024956877003151537,0.2503832110530327,-0.25166552283052024,0.033393893536138454
-0.09582495876691595,-0.24177258186742695,1.308483390654882,0.18529178970298643,-0.2766504506775238,1.297335316212242,0.043919101716130914,-0.27689855100205346,1.3963019639705023,-0.1615119201731512,-0.21326084108739463,1.0448867515434106,0.23612587522397954,-0.256537149481763,1.0352509125090554,-0.2578572568185916,-0.2837674133179285,0.8193748391521726,0.29428056265396263,-0.2976257484941581,0.806168159199279,-0.05414224547196199,-0.2716717715569667,0.868279181939157,0.12909495061681703,-0.2919900441572163,0.8645813832388073,0.03735138436811691,-0.285367682607783,0.8853078354389661,-0.0912257326635974,-0.24609435470637298,0.4797170254137732,0.15674825598863185,-0.21796315731608523,0.47564735997868646,-0.1356723324234057,-0.19280671115169618,0.09304910854648392,0.19440783565312847,-0.15300674671294612,0.08829902233864699,-0.1310055578802201,-0.1210750584682071,0.029002446699199748,0.19050040106831517,-0.10014388033514265,0.028394328805532353,-0.13483224311150593,-0.3233951956160269,0.030586995779451804,0.20340258280184514,-0.29834211736936367,0.03510750473168185,-0.18577083392625576,-0.29538530361025267,0.025392503327431884,0.25053023470801633,-0.2533136627150495,0.03456912990172931
-0.09617093777459215,-0.25134725625496757,1.3074765440957563,0.18764257532557543,-0.26860257658687375,1.2983621994654584,0.043831706227874676,-0.27921073402417396,1.3956190811808025,-0.1605503218239796,-0.20984050873924126,1.0445930409606752,0.23591378811715802,-0.254685087302421,1.0365043070144742,-0.25830164197221406,-0.2870853967408931,0.819506065826008,0.29424741191287607,-0.29570109985120563,0.8055218654035143,-0.05317379342404107,-0.2707628484376854,0.8681955855639603,0.13009587760564567,-0.28705407296201874,0.8645994686717876,0.03722678742137562,-0.2838883646792889,0.8847650406616264,-0.0914416508915589,-0.24664575648992781,0.4800253948034803,0.15605457926130128,-0.22213850565481297,0.47497466156021967,-0.1354677083565885,-0.1887874919892164,0.09273874938019314,0.19419048710547088,-0.1550506728057618,0.08890558083841779,-0.13097672533450927,-0.11824197883293111,0.028265165188737965,0.18930229013840139,-0.10248806376555683,0.030371200654445298,-0.13508707558849645,-0.33298577723230066,0.03462374131856834,0.20269466845153483,-0.3005728935932248,0.03514538006796879,-0.1861322775012983,-0.3055789458662642,0.029080308761166802,0.24832678366719574,-0.2604292185257836,0.036366992785913675
-0.09635736426773266,-0.25280781025238797,1.3080001753422223,0.18938028484701208,-0.26455154828812655,1.2988353310340912,0.044170220346140966,-0.2767439100166836,1.3965384454604433,-0.16043008090495164,-0.21168945953420448,1.0456015210004659,0.23636632330926854,-0.2536836180567023,1.0365524652995521,-0.2583295053945992,-0.2894199486482664,0.8185943776031673,0.29430411335590595,-0.2964493223354998,0.8051416369502377,-0.05326257471719549,-0.2703276775601718,0.8683724501605418,0.13010168316128956,-0.28794517775411266,0.8647655848530512,0.03771135830096707,-0.28375389796046974,0.8843165863973698,-0.09186463861909609,-0.24831879719105993,0.4798492641108658,0.15593576017460747,-0.22404642948641512,0.47376594917535264,-0.1354694601574064,-0.18419366114766555,0.09135921854998227,0.19384335025211052,-0.1539390165748245,0.08808647162127192,-0.1303408672885479,-0.11167007517225744,0.02570179178092387,0.18666315799076505,-0.10472482453304624,0.030556882879624304,-0.13494898399287028,-0.3388927792787844,0.03747172689275458,0.202032526836964,-0.3043664904930945,0.03510026044139107,-0.18606893878449282,-0.3124198860646748,0.03269753274881725,0.24704370946522375,-0.26481159312153096,0.03633113118970027
-0.09606768863405274,-0.2444763662318381,1.3090411542944578,0.18842265929886387,-0.26823669843394016,1.298337706126381,0.04430859984964443,-0.27298216489262694,1.3980263554411119,-0.1615340911969948,-0.21742291287659243,1.0464787576373529,0.23684591879097833,-0.2546974873961224,1.0352626434808103,-0.2577814691511782,-0.2887189982936897,0.8180248107487563,0.29449294955385347,-0.29789370936195425,0.8050698142517179,-0.05443895268816864,-0.27189530017206626,0.8688314402199107,0.1290292303775767,-0.2931939706266078,0.8653615246487478,0.03778381623113591,-0.2858312461618098,0.8842878352782899,-0.0926300698834055,-0.253304255173459,0.48073966907694526,0.15659277899011798,-0.2231767648790947,0.4736508848768656,-0.1355582899986864,-0.1852204211473772,0.09055308905671502,0.19326899978083578,-0.15401126815509159,0.08755704539252965,-0.12941307314185874,-0.10819379529789094,0.024139109653411144,0.18670498628915078,-0.10070875488937481,0.027335978508571345,-0.13483263823359676,-0.3344744926780243,0.03621585165150552,0.20289467836361424,-0.3035987524288747,0.03409605431764298,-0.18584689993827025,-0.3091443979317062,0.03264336701249524,0.24899069888510827,-0.26082815615413024,0.03376312156619769
-0.09540491015575835,-0.23756304735767053,1.3091922239370137,0.1866037575714532,-0.27393726971547844,1.297535088539297,0.04387855668374095,-0.27452988266726225,1.398201921834119,-0.16249854969699218,-0.22238788763416517,1.0465335396056274,0.2363546756288329,-0.25753078804261526,1.034158845641675,-0.2573969432882658,-0.28607823148418066,0.8183444320061501,0.29478396429492865,-0.29727605582726546,0.8049946594215568,-0.05545342220200413,-0.27416784629516905,0.8699954214797921,0.12809002619717402,-0.295960795159359,0.8665331692407707,0.03715337431236247,-0.28751712779982047,0.8850805370491464,-0.0933356479713104,-0.25666023689069256,0.48209754295205315,0.15782506224501885,-0.21961621374158474,0.47433838070192025,-0.13541632171201645,-0.18866709216306693,0.09051680396120387,0.1924113309004829,-0.15829587327890932,0.08852843121898246,-0.12893187553206753,-0.11099138072299078,0.0242329576049665,0.18824259952310696,-0.09750963872736729,0.025277209086153937,-0.13498738270535818,-0.32642437099439797,0.0333865980779359,0.20439528556963082,-0.29919310135885213,0.03245279847441347,-0.18597526030915523,-0.2994512279359223,0.02938959330118856,0.2517788877701694,-0.2536893645722471,0.03118369014881904
-0.09541466142155128,-0.24069337420963666,1.3084798021442423,0.18652215358822605,-0.2759675166078254,1.2969439123017716,0.04327821838752364,-0.2799814433962931,1.3972682844935056,-0.16227036163359376,-0.2239904043117666,1.04616243266701,0.2355397284494899,-0.25781835346650817,1.0344298573529782,-0.2577433616521898,-0.2860248647950888,0.8187462952172254,0.29513278624848305,-0.2947871674598627,0.8050310980189942,-0.05550017886468836,-0.2736915393610646,0.8712917980130854,0.12788348191673682,-0.2947195903646859,0.8675925844000656,0.03674685118602818,-0.28698987021605216,0.8862807071755466,-0.09336411024023286,-0.2549294081533352,0.48182757065418047,0.15885766783518684,-0.2154817894742065,0.4744019152704163,-0.1352925647546943,-0.18856327217630886,0.0906096425591815,0.19177314899717796,-0.16280414571762264,0.08972338758189555,-0.12921386077699892,-0.11325831013597148,0.02387127173918004,0.18737005890824693,-0.1029718721583377,0.028063566945745282,-0.13479450538574866,-0.32379947180026797,0.03240231894873066,0.20449304327861717,-0.2976192480949859,0.03198282156451182,-0.18613608977844542,-0.2920311156985692,0.026336452784551545,0.2520988335557441,-0.251827135890991,0.031326131828017446
-0.0966329664930578,-0.2483694202852883,1.3078889532666236,0.18795382266939908,-0.2741322662782582,1.2966226508110634,0.04319429182395097,-0.2816370903173953,1.396971816443362,-0.16147966182248485,-0.22328101230845393,1.045779371634858,0.2358806629398688,-0.2521068168931787,1.0356524954437734,-0.2582596190930446,-0.28911995469150975,0.8186192752859737,0.29534105483672857,-0.2937227132095561,0.8052634808617991,-0.055045110293092545,-0.271517213133365,0.8717388020753932,0.12797780979252688,-0.29395484663524013,0.868215338189792,0.03708440309162548,-0.2859552562339425,0.886899559461151,-0.09301421684460183,-0.2528189602119948,0.4801261516512433,0.159080028398833,-0.21440369121679548,0.4736241652190979,-0.13535734519343473,-0.18627471708477605,0.0904645856754715,0.19165089419829323,-0.1640921121725128,0.08977240471935452,-0.1294651921432168,-0.1090911441946247,0.022074618012221353,0.18486515262294,-0.11119648342196745,0.03212475065103762,-0.13440951969348802,-0.326000528303116,0.03286292428856123,0.20305386277804133,-0.3013242295593802,0.03345806313937343,-0.18608582927379785,-0.29182616998019945,0.025763724806962547,0.2504822470860432,-0.2556626875699412,0.03352134134951234
-0.09777015939333224,-0.2509494281484648,1.3078754759975526,0.18871851241436083,-0.27125848653928003,1.2966879655690935,0.04368130943154749,-0.2782748340156815,1.3977563279224237,-0.16124591399370153,-0.2221328870071299,1.045393384371629,0.23673712690687798,-0.24626992565461742,1.0364193236734454,-0.2581530736825664,-0.28925610216788333,0.818148462718021,0.2951768881940242,-0.29579602915239145,0.8052975191659103,-0.05481821682384639,-0.27222639841117485,0.8716928950939117,0.1280754435262773,-0.29541128389891574,0.8690079944350442,0.0372302186213292,-0.2867846261561286,0.8868211186564539,-0.09296832731910391,-0.2539976857949075,0.4792039005427675,0.1587157667501779,-0.216820037737877,0.4729335713445794,-0.13504212421294529,-0.18580430978417256,0.0897993377108073,0.1917303582155887,-0.1637508599288383,0.08911516211509843,-0.12894151199649595,-0.10362314932703079,0.020616526890417014,0.18486446381416388,-0.11141914119919039,0.031857187435603236,-0.13505949693234343,-0.3276571352463962,0.03283973070775768,0.2020961964294366,-0.30505659069055624,0.03490889329235402,-0.18639276020571205,-0.2968471955752516,0.027105471004531485,0.24931401447668933,-0.2596217810900658,0.034942806757616594
-0.09727256720942722,-0.24811981807950995,1.3081540414867523,0.18800654077297374,-0.2694970454869305,1.297251726382532,0.04433667911892869,-0.2762676841929371,1.398310115479692,-0.1617372503817352,-0.22128737297163886,1.0449069649543299,0.236145582580795,-0.24862569197463674,1.0359931058367828,-0.25763845676600483,-0.2836036798945378,0.8175077190505944,0.2947436967713931,-0.297954337382347,0.8049527142276433,-0.05495167888127271,-0.2760278591100103,0.8717168408849885,0.12817176956330745,-0.29583011096188266,0.8696309304362686,0.03668432719779758,-0.2878391470024347,0.886706668209505,-0.0930184660323743,-0.25385902854065756,0.4793663575297091,0.1584556903506975,-0.21817980352604832,0.47255774791617305,-0.1341563183030826,-0.18617996990395358,0.08876718345034271,0.19169765462596822,-0.1633587559912188,0.0890405820992972,-0.12833612240802902,-0.10376692461625489,0.02074259210281846,0.18715627987072714,-0.10493124010501045,0.028437466531139627,-0.13661687884556817,-0.32755499684361605,0.03223338023418362,0.20291934300795167,-0.30322413504255563,0.0341109284906271,-0.18735904844852197,-0.3004709065808981,0.027989007225463602,0.24877594003899312,-0.26127158414430957,0.03470876415190424
-0.09556557160208444,-0.2449739312254945,1.308427603575287,0.18703769062453118,-0.26959596520729645,1.2978976575989725,0.044894954613453636,-0.2780035492073575,1.3975716529943107,-0.16244072674764753,-0.22154204436257346,1.044316436305139,0.2345077502440558,-0.2557990501855392,1.0350716739542034,-0.2572944887991901,-0.2783375351720594,0.816754181076818,0.29428198464703903,-0.29685268885457267,0.804644488525701,-0.055344490279385886,-0.27845024861014217,0.8706039869414549,0.12786452480577576,-0.29387233540361696,0.8682902174207937,0.03659564330551841,-0.2859488866514423,0.886335544050668,-0.09272086347027543,-0.24898601236001916,0.47894758503709295,0.1586768768810543,-0.2148243983823061,0.47191797578627664,-0.1338175377018174,-0.18581396418841767,0.08856757915018773,0.19161137268698325,-0.1621767992643599,0.0901515686951234,-0.12891641719148883,-0.10761251148306497,0.021617493011392822,0.18754998945769003,-0.10136348384726829,0.027591123464085522,-0.13698803513633376,-0.32700799030175687,0.03175100827090711,0.20439685871493574,-0.29771688243011174,0.03190835845263684,-0.1881638236962852,-0.2976428431247973,0.02663712769047248,0.24791317528623907,-0.26199773395711906,0.034271926731934035
-0.09442108459203453,-0.2426333111688629,1.3086149330992427,0.18667632923739763,-0.271695463752319,1.2978927538972518,0.04509998868770658,-0.278981391809349,1.396036474752056,-0.16280776003752423,-0.22346495095944313,1.0438796734808724,0.23412391135647376,-0.25786542688915803,1.034726928733015,-0.25701284342307446,-0.2785593410296912,0.8163298655413278,0.2936317973758168,-0.2950447971553903,0.8047440866193788,-0.05588576971967512,-0.27721161583790466,0.8676276220997825,0.12698651996948224,-0.2926948616442874,0.8650684329904111,0.03753444771390784,-0.2829992811670215,0.8849994979304175,-0.0925404741463214,-0.24472401278765976,0.4778881586535345,0.15910591608343172,-0.20991941563362104,0.4713139104443357,-0.1347926790634555,-0.18683346611901913,0.08971830895869008,0.19167699870483845,-0.15990637434681976,0.0914236061431476,-0.1304683255914266,-0.11072716644170408,0.022654305406364764,0.1854977310814926,-0.10341684928661024,0.030384946093564767,-0.1352868598862454,-0.3263623495801463,0.031580922208563116,0.20467645302264098,-0.29481094220435194,0.03105283417586983,-0.18794649597590535,-0.2912867429878172,0.024202205822251868,0.24754667171929146,-0.26095524649301305,0.034068121980108355
-0.09471185511606303,-0.24052671851122237,1.3085919074183576,0.18648592136588343,-0.2746589467349121,1.2971563237249022,0.04476323995074514,-0.27668910040336153,1.3952118701991698,-0.16233663413688076,-0.22492348152280023,1.0440439868050624,0.23524636417570094,-0.25480990820316224,1.0350442921189478,-0.2566827829494324,-0.2807228844572778,0.8165828928867842,0.292415787653131,-0.29804208507279834,0.805207519863316,-0.05607553102829205,-0.27345111769419034,0.8652936882705142,0.12648056467340124,-0.2941671997173039,0.8632705991392016,0.03826557082060317,-0.2834362041021659,0.8836005304430202,-0.09295159923317305,-0.24588185376757382,0.4777980952078826,0.15913617111328404,-0.20982478268457772,0.4720310513167011,-0.13580194953780983,-0.18937043040201823,0.09051677371615324,0.19194261892548842,-0.15735082708118375,0.09097811291416878,-0.1312154188313931,-0.11332742127387127,0.024007223843886618,0.1847593531477863,-0.10571376898476323,0.03231317362708359,-0.13359262971989994,-0.3266966181476392,0.032125499140199014,0.2035654463356149,-0.2963169713371978,0.03229434777166053,-0.18708005208267203,-0.2896272175452192,0.023780393858426223,0.2490071531847481,-0.25557393833741715,0.03285027135946917
-0.09577586328524812,-0.2404858846286831,1.3082873394927548,0.18642074925984836,-0.2753524688209051,1.2964998683798115,0.04430797306696321,-0.27392451873547635,1.395982490230888,-0.16109726778946415,-0.22393120336916106,1.0447982495204027,0.23598436197172223,-0.2543119227859975,1.0351963493048872,-0.2568707887890712,-0.2808730246499018,0.8171127311143189,0.2909236542995377,-0.3048445964092171,0.8057283835687539,-0.055424855692595025,-0.26813497068188147,0.8660861577132138,0.1270999561866813,-0.2960282054983748,0.8646730489735965,0.038138956435972225,-0.2858269656783372,0.8838607005009488,-0.09331462407784613,-0.24867120557986788,0.47867365575269766,0.15863682403725066,-0.21494284188035656,0.4740952154404849,-0.13523793287494257,-0.18916363264285435,0.08960473431922078,0.1920459450894696,-0.15620401325317484,0.08917253344477363,-0.1301646765734058,-0.11553902319538553,0.024939048261169258,0.18661304297230052,-0.10462838760040324,0.03090085359698759,-0.13393395542064296,-0.3286832454269714,0.033444131357641946,0.2024472215212318,-0.29853840662822906,0.03384979433650783,-0.1865307889355058,-0.2945238003259213,0.025957943386156868,0.25127368095462616,-0.24857626553298334,0.030999094283112167
-0.09644476538947978,-0.24216129465276431,1.3079525147760283,0.18722383853295554,-0.2718999422248937,1.2964484450704559,0.044374028905016766,-0.27298855852723686,1.3975060904704142,-0.16022090637535086,-0.2242241623080808,1.0455009334107825,0.23574185298028982,-0.2571418322283697,1.0345034708983847,-0.2577006090215545,-0.281378873647662,0.8173516864795843,0.2903541221475764,-0.3071862399825725,0.8057436718399231,-0.05446709248405096,-0.2633828537495353,0.8683393118505305,0.12785697137847601,-0.2965809765900298,0.8664471415298266,0.03812061994201913,-0.28513833010375567,0.8853772255619475,-0.09285421977120267,-0.2483523720177906,0.47884337372244357,0.15830747152835845,-0.2188162534294304,0.47548572468312883,-0.13381370260526482,-0.18516635050158708,0.08848667496483571,0.19143739839326135,-0.15911547807452953,0.08933247214371504,-0.12863201858005135,-0.11528613169045046,0.024763110514199257,0.18823533352864824,-0.10171701092607455,0.02892481295665987,-0.13531086167127615,-0.32895313704695517,0.033991207932527634,0.20236793916014056,-0.29906888242438173,0.03454277410889506,-0.18635123059142916,-0.2979843889220403,0.02737254054846928,0.25201735193755964,-0.24738549083920364,0.03122888169338948
-0.09616768010323501,-0.2416634262502831,1.3078725779295284,0.18862515638419208,-0.2674333706521853,1.2964061793131214,0.04477354937674327,-0.2729101653215566,1.3982589888599843,-0.16076059451955654,-0.23009722700372848,1.0458071616549658,0.23559383262342565,-0.258181562371891,1.0331818785872042,-0.25815739654602243,-0.2840520657391524,0.8173316309500206,0.2914348524500254,-0.30161457421524307,0.8048272869797691,-0.05440368492746819,-0.2643037546469841,0.8691425410951278,0.12745479994404763,-0.2974559235270691,0.8660032018622841,0.03844460718558155,-0.2825762054169872,0.8860767925108043,-0.09197788382122096,-0.247160444825482,0.4781426090052598,0.15877687545196328,-0.21749307581261274,0.47486349765253266,-0.1336384870917753,-0.18268293334439,0.08899053934460054,0.19030721811014684,-0.1655843495664896,0.0928156253226451,-0.1285904219928532,-0.1143609034525443,0.024672215183389273,0.18782797696106857,-0.09995040378787687,0.0294506291270872,-0.13551977674377078,-0.3241433735337812,0.03231352419969332,0.20292979328149718,-0.2997212843686657,0.035100240958137456,-0.18582717234236523,-0.2945735862360315,0.025630539227038264,0.2508484204992968,-0.2535505121590926,0.03421561488408114
-0.09549010840549937,-0.23866806799783286,1.3079749928675573,0.18926374314602773,-0.2665266611637567,1.295776887081852,0.044699329984059136,-0.2727522646012003,1.3978914676514025,-0.16216407231933372,-0.23658545114205837,1.0460210371541248,0.23581707807119046,-0.2573805400221096,1.0322365592710518,-0.25754662534690714,-0.28538355206180666,0.8174075752833191,0.2930063788520587,-0.296049763656627,0.8035140530965325,-0.0554766864062856,-0.2720801176279184,0.8688847993678804,0.12663992819453546,-0.29917956769439447,0.8651087491609231,0.038112163467206,-0.2836001189103853,0.8855095175272932,-0.09174438258021438,-0.2492796228555509,0.4782302231579171,0.15957794861423186,-0.21455570001492807,0.47362566335702183,-0.13505522977180812,-0.18539923325663088,0.09028677113964895,0.18977269411603132,-0.1692045637871411,0.09575886120340922,-0.1300555100377323,-0.11705075629398115,0.026000871166906175,0.1866342006936379,-0.10066741293369846,0.03155628551742494,-0.1345468893807878,-0.31800630690444553,0.029621031247273423,0.20302621753728173,-0.30235103239364675,0.03597579374164019,-0.18514728914493805,-0.2901657320470977,0.0232153051962633,0.2494341475309611,-0.25929256333063505,0.03656403814130711
-0.09541864404123523,-0.23743201063255948,1.3081030915632104,0.18881697240763357,-0.26844413052043803,1.295262844046933,0.043846587910036525,-0.2739138305943423,1.396995354273456,-0.1628674645056386,-0.23523535180701166,1.0461102469981496,0.23574705002778495,-0.25791542776678006,1.0325907121049882,-0.2566805868129046,-0.28320637254075437,0.8176353217597025,0.29329682977281113,-0.2979436367678706,0.8029901913447111,-0.0565352260532561,-0.278386509269044,0.8692703015348391,0.12725811678645016,-0.29815207600137394,0.8657316540031447,0.037330069546657074,-0.2869010855034529,0.88513418028632,-0.09240111855972412,-0.2532626000497358,0.4794206517819438,0.15958991690310265,-0.21471853690725567,0.47369215966851136,-0.13617047108746197,-0.18968563984549158,0.09071509925672357,0.1904457726225227,-0.16522546071348898,0.09437279297772805,-0.1311915331786585,-0.12111857469296611,0.027536866916019115,0.18592650787182619,-0.10309311496476303,0.032553784129223884,-0.13415930338045956,-0.31783515807287743,0.028742316773177047,0.20234545605875287,-0.30535159540319456,0.03608696247674931,-0.18559919136770464,-0.2919710016969069,0.023796862245000203,0.24889623664658828,-0.2585718912437574,0.035579062422096214
-0.09616362035230995,-0.23932349820778148,1.3083090163507252,0.18830258176969367,-0.2689029208008206,1.2958779861789647,0.042650577110540454,-0.2781220324660484,1.3958281860930688,-0.16215139471669915,-0.2276208643867776,1.0455356490521184,0.2353877757198674,-0.25853721245828254,1.0341291205230978,-0.25669242222199223,-0.28073534276696754,0.8176950363943009,0.292553482470713,-0.30249213290007315,0.8036000240429801,-0.056477912929641994,-0.2748831830465973,0.8696217972721606,0.1292782969644341,-0.29214020473611646,0.8661782828986345,0.037478332321406495,-0.28587413559679237,0.88557238268188,-0.09299076966912474,-0.2539057438028375,0.47985663073859675,0.1584512464236944,-0.2175060464676153,0.4746913038438477,-0.1356652312577355,-0.18995952760804274,0.09043725692837994,0.19153111685678004,-0.15832140608461565,0.09089912192453622,-0.13084575700368023,-0.11989725105815616,0.027151560033368792,0.18567771524554283,-0.10510378415730418,0.031932358575024036,-0.1348716112305945,-0.32444819081232884,0.030846218720962156,0.20185452046080737,-0.30552957330070096,0.034715190801792764,-0.18738368671647215,-0.2975025700937062,0.02701093663011655,0.24900834510598202,-0.25491090985299025,0.03324998860059226
-0.09701395812290142,-0.2414832915444432,1.3085846722032084,0.18820599506123586,-0.26735481563022834,1.29718777348867,0.04179548045908496,-0.28344156294580153,1.3948245655637015,-0.16065912959842316,-0.22233367572379825,1.044534656932247,0.23516392054937202,-0.25709594720195805,1.0356220230178312,-0.25742917353129796,-0.2811241847302284,0.8173928083160166,0.29261518640634293,-0.30120863813360593,0.804376077459241,-0.05544807955444734,-0.26506073887786497,0.8686915061923333,0.13063959253172402,-0.2858968794454565,0.8650454486477756,0.03840219359356505,-0.2807641918658716,0.8860253746521488,-0.09264843516502802,-0.25007450078012805,0.478735285167057,0.15719044601444893,-0.2193343213538103,0.4749576965927668,-0.13447312336641803,-0.18596776469271664,0.09039587881240392,0.19207553237362862,-0.15635134392813432,0.09012299214499028,-0.12977084524426535,-0.11378638974980368,0.02548368851734318,0.18600898791745485,-0.10500226491989381,0.031137467636482584,-0.13535834562375193,-0.33187244994623555,0.034438494725079816,0.20248678563318634,-0.3021079912096918,0.03305149885915225,-0.18860436373157535,-0.3010639966190673,0.029950800812341444,0.2494856756251051,-0.2538481114225109,0.03281428306874918
-0.09744554538560894,-0.24235177610263053,1.308766652855287,0.1880776528300912,-0.26670528706460406,1.2978316656877542,0.041865893592121,-0.2843305336070134,1.3951463901078078,-0.15958126405515344,-0.22246642412494705,1.0441119184370171,0.2349423567307936,-0.2561719895755926,1.0358103123976874,-0.25789692438098777,-0.2835265976996196,0.8171109207777866,0.29382043355571463,-0.29595722114227796,0.8043726390714104,-0.054471297385244456,-0.25905804368606467,0.8677416133833766,0.1302007682732026,-0.28585921047860136,0.8645912423985218,0.03854762914645387,-0.27886375663562846,0.8861830436728677,-0.09200466208628615,-0.24708848785374088,0.47789189385385794,0.15722235336948903,-0.2179135366172295,0.474079980035652,-0.13397755305871686,-0.18191743004138705,0.09045828875009734,0.1922213932079873,-0.15943592420083486,0.09214791639478864,-0.12910118288626105,-0.10974816903118961,0.02502601869288792,0.18697414778774973,-0.10374873302380774,0.031101564574075438,-0.13496682996791418,-0.3361015160397989,0.03719296884777332,0.20364631748385875,-0.29802071849042444,0.032677243589487814,-0.18782523906654625,-0.3035284524127125,0.031623500789211514,0.2501816357194331,-0.2547329935927748,0.034050236538849886
-0.09750763038149327,-0.24248219079412942,1.308829957638887,0.18773368236130578,-0.26766902744887255,1.2974053183174328,0.042835413853195496,-0.2788714995448944,1.3968180955293068,-0.15982423387097838,-0.22571441618823013,1.0442885716765637,0.23455361105067285,-0.25813244364275706,1.0347304808108544,-0.2577910150776511,-0.28542953578635377,0.8172452119041103,0.2944091208743715,-0.2948714059934598,0.8038831011273365,-0.05450102313613699,-0.26080600571026746,0.8686130428037263,0.12912527893341058,-0.29049581076593706,0.8664582556445174,0.03769868161136429,-0.28248298861369364,0.8865043353587813,-0.09232916887956255,-0.24924761271129714,0.47875659961771677,0.15863155346348834,-0.2139341933124107,0.47308727988741534,-0.13403295666605552,-0.1808877004717811,0.09016969896685928,0.1925137654252727,-0.16118795283085746,0.09290341804536799,-0.12895837754128134,-0.11006136972168509,0.025918825871397606,0.18724406385359627,-0.1047837875192679,0.031922064980927076,-0.13496715470559872,-0.3377494736216567,0.037748986442455244,0.2038275631573117,-0.29733944973565146,0.033701594153044676,-0.18646877559215874,-0.30759513618793527,0.03271477592857937,0.2503763634558213,-0.2551246817246584,0.0348702791136762
-0.09721899831513157,-0.24171826808186025,1.3088663848039679,0.1873762048539308,-0.2691344310726163,1.2966411715960984,0.04380980673199911,-0.27293094192081035,1.3978179873889536,-0.16119421188163346,-0.23054099940085482,1.044058038721821,0.23433154038180204,-0.2597709482922662,1.0337209406983097,-0.25767817860143005,-0.2849823424500927,0.8172713437994141,0.2933607006465187,-0.29884404793021635,0.8038834055493862,-0.055723343026755204,-0.2665557668698553,0.8703722164770081,0.12885925269325732,-0.2918649829797455,0.868055422558651,0.03710789106937273,-0.28586688522534903,0.8867976358645437,-0.093340410690187,-0.25302887234737076,0.48002119723909675,0.15992220592957884,-0.21092213707739005,0.4729137851688314,-0.13397806133094786,-0.1830225575904183,0.0901997873192482,0.19286693978824476,-0.15845740717529144,0.09066366427766066,-0.1291737568194113,-0.11135356542589239,0.026193068991466832,0.18573744928086428,-0.10903457425254073,0.03345806225142152,-0.13637213834383055,-0.33684967942802546,0.036202256685917956,0.20263614529872664,-0.30160205882775354,0.03537275218524425,-0.18677413763072082,-0.30992203164604787,0.032695382961273306,0.24947853907178436,-0.2568482236197464,0.035282645948295145
-0.09660935804532184,-0.2398474250687097,1.3088112250743937,0.1870988600084682,-0.2710801823393361,1.296080055553975,0.043973454585885155,-0.2720603820257434,1.3969278159288447,-0.16217726843342983,-0.233716077545137,1.0434225150343983,0.23451317731655275,-0.2571117628147247,1.0337867947113808,-0.2578060455307582,-0.2816656035812953,0.8164586303995078,0.29198106310044564,-0.3008853252301736,0.8045319639375141,-0.057174712795543904,-0.2710367645963755,0.8705690971726016,0.12925591285689708,-0.2870324598102473,0.8667598952688564,0.037218059251464486,-0.28460316034026834,0.8863775213287094,-0.09346197798306088,-0.25249602354933454,0.48002874163668485,0.15992320321835846,-0.21200496993179285,0.47345788792841764,-0.13423395280137754,-0.18770910930094692,0.0916113152962618,0.192906430768166,-0.15491466327372866,0.08822394956529975,-0.12993480779893576,-0.11279931123489145,0.025816559102089423,0.18425284431607397,-0.11081903492823605,0.03434420937057764,-0.13793188870556478,-0.3324907254318714,0.034121533299554606,0.20116206562689598,-0.30873227218517874,0.037330460527866705,-0.1883196785091819,-0.3058813205101068,0.03049091320978405,0.2480890644893785,-0.26180112587696036,0.03658979874758515
-0.09620813574460833,-0.23782750579432155,1.308498459529563,0.18716567064500295,-0.2724915665098332,1.2956005363611043,0.04354009102429528,-0.2740531369935682,1.3956691779865156,-0.16161577983126668,-0.22983816103194993,1.0435167523743667,0.2349295146685218,-0.2516263060819546,1.034333575946932,-0.2576390118175017,-0.2775694810235883,0.815441583889602,0.29200132095172865,-0.2969230581673728,0.8048409336091155,-0.05740275128762692,-0.2707245295539001,0.8688002600734593,0.12941739840890626,-0.28205563255595567,0.8642971243673768,0.03726543152784501,-0.2812556721800139,0.885401181228514,-0.0924087347792473,-0.2484688025478496,0.4794025909080721,0.15926659049240371,-0.21526664169033527,0.47379107438389023,-0.13535875246109375,-0.19390726462688757,0.09395942890446972,0.19267225076089078,-0.15517361583157513,0.08835430416168967,-0.13088945240890407,-0.11580034711540865,0.02646372202559533,0.18555503229114,-0.10428533150521421,0.032448676889647365,-0.13781915975569936,-0.327755207745086,0.033676363093639666,0.20033685757407227,-0.31512170363305586,0.03928952572788669,-0.1888579872371861,-0.29822661571130754,0.027401539144326033,0.24728985507624984,-0.26621932826419603,0.0380500466413697
-0.09647250894662097,-0.23679101259418456,1.3079708791445155,0.18772566534418683,-0.27101777155985607,1.2951322387350435,0.043201132423368836,-0.27522102658819175,1.3956916916247502,-0.16051557883298023,-0.22080878462336617,1.0444280087549478,0.2354564264349862,-0.24771873850477716,1.0340985842055526,-0.25691967394786175,-0.2765774585303871,0.8155793934005293,0.2933781028295055,-0.2906278105513957,0.804056314831932,-0.05622931559371812,-0.26659798774626703,0.866959849121985,0.1292102801090223,-0.2826431704414622,0.8637525279691256,0.03687163354602754,-0.28027934527351217,0.884661586200519,-0.09164277489709713,-0.24594822878783545,0.4795257175316319,0.1592584403207543,-0.2153548900240354,0.4732059519434587,-0.1366327771400272,-0.1984022372304483,0.09527716525288697,0.19251027267254778,-0.15832758168690197,0.0899084942355023,-0.1310809019370687,-0.11787811483290589,0.027549531455968973,0.18882062792472787,-0.09432993507156584,0.028519101017986895,-0.1363796168758914,-0.32756039376188434,0.035298532705101374,0.20022625213353412,-0.31759076271823583,0.0403174922787098,-0.18788257079726634,-0.2945472177383631,0.026393328245022538,0.2475132539461733,-0.2648561481517682,0.03750634605330143
-0.09699430388038056,-0.23806901942932923,1.3075431841009864,0.18800988335223312,-0.2677927390646669,1.295086814652454,0.043202888993497925,-0.27710548356639225,1.3963567621321706,-0.16069956654327,-0.2167771774203186,1.0448962329279619,0.2361311181051554,-0.2464584405013403,1.0329858087611643,-0.2563879575006183,-0.2795174828290148,0.8167810504784007,0.2946634726904235,-0.28776058053826153,0.8027953389274425,-0.055172869634568085,-0.2651896715111381,0.8668033889295461,0.12913973020013486,-0.2862649050653156,0.8651460524381687,0.036576975887450215,-0.28155845744297947,0.8844619133703151,-0.09204917450111509,-0.245771181987611,0.4802228668356291,0.15999146287327615,-0.21091219684107265,0.47218064074974164,-0.13697254713947768,-0.19751632997773722,0.09426703625145152,0.19274474613369758,-0.1590815946928359,0.08981965540407755,-0.13049708617625477,-0.11509266135221857,0.026504453354514425,0.19025307786393275,-0.09261616249562088,0.026613985907102664,-0.13551467783803411,-0.331344136357706,0.03682078106976672,0.20101918076949693,-0.3140192850966623,0.03935740396109856,-0.18697285192225643,-0.297626261813636,0.028107497409188678,0.2487362723633696,-0.25876181420078265,0.035014989141381306
-0.09715584950259591,-0.2423607272375093,1.307408558644608,0.18729603186782295,-0.26691738359973705,1.2958318769575365,0.043364263663761386,-0.2808810879412064,1.3964999241179208,-0.1619417554911679,-0.22157447605756575,1.0444444847849326,0.23673293954488522,-0.24542983614215597,1.0321784896964488,-0.25667807578130797,-0.2816857086359338,0.8175741039647265,0.29474523847325795,-0.29027762429485504,0.8022042997570968,-0.055273787058506246,-0.2705335195780019,0.8686132120677508,0.12933769501973674,-0.28752340130694537,0.8666334574186015,0.0367777790447499,-0.2819679871274662,0.8846318648380368,-0.092915173138835,-0.24560159471523335,0.4805814416860564,0.16046317199127402,-0.2067047638642694,0.4718764427223178,-0.13637714572948167,-0.19192093369103025,0.09178744940863334,0.19355701342261927,-0.15481272064145318,0.08739346125158738,-0.13029541961306473,-0.10947458995112139,0.023371298993659185,0.1887181882772968,-0.1006293324116849,0.028345385985181944,-0.13590763509909268,-0.3343695632558041,0.03641072579530501,0.20299369286567154,-0.30559245675190944,0.036578575054549464,-0.18703531415846297,-0.3031786272003109,0.030063889007120023,0.2506521853450722,-0.25442286746897397,0.0331829212729102
-0.09704121679300626,-0.24649227225009018,1.307327549840008,0.18633944028488325,-0.2688742976019741,1.297039846087371,0.043342938703116826,-0.282984489418786,1.3964669811317632,-0.16237782834766407,-0.22703723116393332,1.0440612316676767,0.23669098605180539,-0.24363006936963372,1.032501649858209,-0.25724056552772495,-0.2784633780312652,0.8172616696442941,0.293718061079324,-0.29601128013285216,0.8023540828026278,-0.05566133540080941,-0.2764204437644268,0.8711808761929257,0.1293109410339799,-0.2868880449068906,0.8675503653185509,0.03697044917874485,-0.2815473213257074,0.8850780530593927,-0.09323264108127681,-0.24515511543325957,0.4804452671573126,0.16012610734596355,-0.20692301144725722,0.47257010501817087,-0.13562973571108045,-0.1870399576830188,0.08988927959154414,0.19463307387939166,-0.14936606033793182,0.08488426401138283,-0.13108633137231437,-0.10853724364845108,0.021965410551249818,0.18719105889309567,-0.107328102427686,0.03030122445035384,-0.13642849762449388,-0.3346682345707959,0.03501745828215362,0.20516499111013603,-0.29849791852120455,0.03381704637521216,-0.18726392952944743,-0.30631817599332545,0.030445660843045577,0.2521915423465295,-0.25576974810164804,0.033567862893323135
-0.09692135352675085,-0.24598217405511724,1.3070609657852215,0.18622011828372043,-0.2702173369454806,1.2979797170141651,0.04279778831396179,-0.2818635802184277,1.3969103981992177,-0.1615941399181023,-0.22651231376568337,1.0444916852765251,0.23581109807694478,-0.2425338094284643,1.0334431633876484,-0.25732204643609236,-0.2721305139574907,0.8164122023905505,0.2925644712964056,-0.3003641001263067,0.8022832992879094,-0.05539490912883053,-0.27469570961594675,0.8724345277799171,0.12865424828649874,-0.2882939354451006,0.8680833711808236,0.03644839711913066,-0.28319208356558206,0.8856984404522206,-0.09272197605842256,-0.24448299478689378,0.4798789167905245,0.15942103598445956,-0.2099194486717088,0.47328407672023265,-0.13530116030251738,-0.18665612102892898,0.08967397717628897,0.1950773309552078,-0.14873514579360772,0.08454834945928671,-0.13212120895268234,-0.1156278695630871,0.02478232179744303,0.18762851343480413,-0.1070745086809983,0.030031496242618604,-0.13608098548667322,-0.33294610574887123,0.03424231894083443,0.20575955162917503,-0.2987415251881465,0.033125025794348326,-0.18679202513587734,-0.3058058761442234,0.03002869530610023,0.2523022583202384,-0.26007011279751363,0.03483653003084331
-0.09663044617378028,-0.24273826519830183,1.3069306591749257,0.18663667605344264,-0.2691832408425225,1.298325043943203,0.04198150905646058,-0.2810646148204805,1.3973089284439535,-0.1611398180307974,-0.2236266753250734,1.0451935631667926,0.23494586633489967,-0.24258869705993968,1.0339344881144612,-0.25717217815271354,-0.2692948355264689,0.8154189727890978,0.29220215383927206,-0.2990558661687192,0.8014814002587375,-0.05518120031192042,-0.26845390539469277,0.87147921746002,0.12777245183462077,-0.2909305508035005,0.867974071117176,0.03553572983602414,-0.2858698300882568,0.8862030472130836,-0.09194224771977579,-0.24221818421143965,0.47883404651916694,0.15882745869039827,-0.21158440930263545,0.47323107335102105,-0.13530042356912286,-0.18755927816176454,0.09006595251540288,0.19436309761421522,-0.15436163215372667,0.08672068870786796,-0.13223364828602624,-0.1227711397019769,0.028434771851612865,0.18812725075150594,-0.10776460329530058,0.030183697086056515,-0.13533477179231646,-0.3297730760471333,0.03396816504021956,0.20457713850061426,-0.3046497518497177,0.034713519811109844,-0.18604203529975893,-0.302768300081846,0.029717263480328333,0.25149703639396775,-0.2619205431645963,0.03508740704613461
-0.09612997790094638,-0.24233721555554644,1.307399174068265,0.18683651886645314,-0.2667097776101813,1.2981768832896936,0.041889674050122984,-0.28169733804779395,1.396955480993722,-0.16189137898125716,-0.2238422741520788,1.0453904547089516,0.23514593906913717,-0.2425948700601725,1.033511341224679,-0.2573574051151195,-0.27239957474912163,0.8142821500423407,0.2925175519072074,-0.29329702812982633,0.8004974026175161,-0.05587911092585801,-0.26724930711380673,0.8699993448830957,0.12764264745145032,-0.2899719446873829,0.8672736191801537,0.03544673193913674,-0.28447612109229065,0.8862795763385073,-0.09192121159548854,-0.23963954912530738,0.4780006063877938,0.15833122458005522,-0.21081075585667647,0.47281192692208557,-0.13498062880036643,-0.18383972922767988,0.08914633473081936,0.19319436299858717,-0.16195387470567735,0.09017156920357441,-0.130990941740683,-0.11863401276364746,0.02741616220261192,0.18668960088324987,-0.11611436986279716,0.03341430215855719,-0.13521691896860089,-0.32790923577269804,0.033995977924408116,0.2034587752748644,-0.3081630382454014,0.03633075797031145,-0.18601920292234075,-0.299694554821575,0.02919410834903337,0.2511166112321571,-0.25969240589150155,0.03433384174966142
-0.09581605480391565,-0.2431207117423828,1.30824252380703,0.1868697010815613,-0.2643225502881468,1.2975303826958529,0.042962895103030405,-0.2804843176121632,1.3961372094904103,-0.16295900845395933,-0.22669666615792688,1.0451672932713056,0.23599749540677506,-0.24239400785370274,1.0326388293049238,-0.2578123586634347,-0.2776796584758608,0.8136083404749562,0.29249283503645496,-0.2903291723611591,0.8000926048928247,-0.056886436863751964,-0.2717321793586396,0.869999571200698,0.12869464012145387,-0.2847075034105859,0.8668994291895427,0.036568328319865624,-0.2786484135597013,0.8857901542912724,-0.0928073439684139,-0.24010605139183916,0.4781843667683345,0.15815156542067527,-0.20902443867162418,0.47266905103120144,-0.13405205563393052,-0.17677278535165458,0.08720557353276821,0.19274075673020408,-0.16589007214108759,0.09273594766287449,-0.12923898724481367,-0.10497374339099508,0.022214316906157255,0.18453944075476547,-0.12595344907742703,0.037387953893102344,-0.13571078331594083,-0.33157388230290574,0.0353859651635922,0.20384777489625056,-0.30401154124113017,0.03515931988591313,-0.18674832493635674,-0.2997898787815086,0.02877106598991594,0.25108494165414347,-0.25740627612577255,0.033892602143506895
-0.09588073173215887,-0.23916019261076632,1.3087361273586908,0.18678273117749522,-0.26410286825394375,1.296411164807664,0.044123661800904226,-0.2777098284255712,1.3953550497095737,-0.16336912718342378,-0.22903083437159988,1.0449066509137328,0.23588209537712446,-0.24305944035290689,1.0322665386841976,-0.25814484156050965,-0.2809699199512529,0.8141066616580794,0.2915212785254208,-0.2943228963305727,0.8004734765236133,-0.057306843009469775,-0.27341702647294236,0.8707727857754116,0.13009193906699412,-0.28023079488368585,0.8671159361104366,0.03766854630299957,-0.27494790004962305,0.8849362751155821,-0.0932729959640653,-0.2425469103790856,0.4788124891457582,0.15884143084615898,-0.20697039816574953,0.4725284361732247,-0.13341194597546968,-0.1748064087498346,0.08686510627930716,0.1931405156865625,-0.16381953269780514,0.09238462861039232,-0.1285586914920046,-0.09646675565295829,0.019071541411285392,0.18399587255913652,-0.1269207384466779,0.03805424684996364,-0.13585839209929157,-0.3397104500972008,0.03827132637006861,0.20490236115464666,-0.2958477054849796,0.03144516174575592,-0.18722904882189606,-0.3033229255752272,0.029438797744389386,0.2502093692802132,-0.25964467020586274,0.0343828764361109
-0.09621910267379652,-0.23381415519271287,1.308583932244927,0.18638444403110144,-0.2663748847365521,1.2953730109333548,0.0441579079914648,-0.27773337495009087,1.3944751571289955,-0.1630823066364976,-0.22913434505556696,1.0445581582465335,0.23421297047933265,-0.24518984763272766,1.0328602431434324,-0.2580125843028996,-0.2814926022431571,0.8152221690028755,0.2901239685868785,-0.300203729189639,0.801353969033097,-0.05730212378686266,-0.2685937247263356,0.8700923165596494,0.13046196645242442,-0.2803827916329058,0.8666792446563142,0.037597765986374654,-0.2767208931771951,0.8842304383513422,-0.09260623633030302,-0.24269994907025672,0.47874069392047813,0.16000135923799386,-0.204916042980261,0.47178635635370414,-0.1341029500306915,-0.1808317178849157,0.08888769219140626,0.19345976715148977,-0.1581894231061869,0.08956407575614965,-0.1295606283521795,-0.10097967958076573,0.020941992377387558,0.18528152611235021,-0.11804477966768465,0.03514002018269984,-0.13530418674448275,-0.3456409649551616,0.04059291249800798,0.2048967056484401,-0.2920377658839457,0.029219209014901572,-0.18697996966759484,-0.30554241971470514,0.030178677584777533,0.248798018342191,-0.2644006963931217,0.035058718414937705
-0.09684535396344511,-0.23632089247127502,1.308144722379926,0.1863562835889072,-0.26688204973029,1.29512562983302,0.043493893122794426,-0.28012873508941705,1.3936328536665412,-0.16232841501000228,-0.22713493662088985,1.0442839469045162,0.23218911297926742,-0.24877418433211784,1.0338015218408056,-0.2572418073541238,-0.27980557101989123,0.8157351977167657,0.28917169882807414,-0.3013261596587074,0.8022663215954364,-0.05739310482654278,-0.26337120736485187,0.8677782313170266,0.1294190881839552,-0.28344039113024966,0.8648469118288317,0.03696660263139303,-0.27878289078923796,0.8840627322563793,-0.09213566082602197,-0.2407601392966478,0.4778818764073462,0.16024059522615075,-0.2041402431640611,0.47082098971026604,-0.13555731132872806,-0.1866778330924282,0.09036841585796752,0.19315828757547315,-0.15409931389895926,0.08758518617020868,-0.13096276554680747,-0.11028211809540087,0.024050104938501717,0.1866454867999771,-0.10874438939810854,0.032278076477832665,-0.1346042178734953,-0.34462689376203265,0.040266953051553436,0.20399776704270128,-0.29492973592507615,0.031003037376431928,-0.1864474011268738,-0.30197681669703125,0.02848130812407461,0.24892759208213822,-0.26407948600881703,0.034778675637086136
-0.09750700233509901,-0.24447509121443728,1.3077782142746424,0.18734118810850908,-0.2627203446245048,1.2956206548866533,0.04335857385070891,-0.2795478673024453,1.393919806910298,-0.1613839527629869,-0.22498853050304773,1.044677935571566,0.23109730608610585,-0.25268670434150714,1.034251858376138,-0.2562680803429567,-0.2763702288029139,0.8155185473727304,0.28900096404673875,-0.29850443187719183,0.8027814858283285,-0.05754670798748348,-0.2642746587086601,0.8659837918267628,0.12804548381238579,-0.2860360750735762,0.8631246048036152,0.03697532437497235,-0.27694059879942434,0.8843466485543291,-0.09282571207082325,-0.24036455613643787,0.47674381935973265,0.1591888572088312,-0.20578518234580467,0.4708132541023575,-0.13606243824957315,-0.1849982257589493,0.08906628333066677,0.1927796934378485,-0.1544007040731512,0.08864156168293567,-0.1310646564071963,-0.11342504347770332,0.024495958837943373,0.18654772030763705,-0.10808443894169334,0.03266253763892751,-0.13403529275208015,-0.33760109353297685,0.03731488359938394,0.2042320575091524,-0.2977541608736112,0.033643410457320604,-0.1858186029797772,-0.295320922266123,0.024864549090865558,0.2513917810671101,-0.2561465794601116,0.033367152777948744
-0.09752824344181384,-0.245825137866361,1.3074681637786294,0.18815682229385206,-0.25874785051349786,1.2961133030870418,0.04375491653862935,-0.27496582447928397,1.3958996822430967,-0.1608466747249726,-0.22452145247489613,1.045445983124742,0.23124268627588757,-0.25350144244771805,1.034267712969703,-0.2558592946368502,-0.273474313944906,0.8154645000806073,0.28939250374421527,-0.29658608368041317,0.8027098383314994,-0.05739512166232078,-0.26954561263217086,0.866127141751384,0.12751925006880438,-0.28779230303604425,0.8633635129493661,0.0373060649605188,-0.27570027414981146,0.8847337179599389,-0.09333507078513187,-0.241347363943839,0.4756418711758393,0.15807748886007095,-0.20930040572569303,0.47208932337318066,-0.13501886527658064,-0.17926650308487452,0.08688314653612478,0.19287816642716887,-0.15689498267425622,0.09064389682602064,-0.12983641745327762,-0.1093631093872171,0.023067802740310315,0.1852994459454848,-0.11432290258908881,0.035219718894659524,-0.13344712039267032,-0.32900289575268277,0.03373627383229666,0.20647151717741818,-0.2947444078387859,0.03286740824535359,-0.18496796606636567,-0.29227832176688057,0.02325349448341189,0.2542483602284869,-0.24779876190890965,0.03172894412687766
-0.0969721803336796,-0.23778719507580703,1.3071643311545236,0.187547368656041,-0.26001544814627525,1.2962137208145164,0.04377989227945215,-0.2707257095556954,1.3982355438123881,-0.16104047866910054,-0.22460635107612215,1.0453429068160802,0.23245113402553536,-0.2486070618365122,1.034289557980944,-0.25603154176803966,-0.2744214479017484,0.8159082682843384,0.289834400209776,-0.29698912988029863,0.8021801230172486,-0.05676959647964128,-0.27180953385586276,0.8673717087151004,0.12759050292930574,-0.290290312509666,0.8651167015313252,0.036673606735067595,-0.2804179699374206,0.8850831062881905,-0.09250850803455299,-0.24093582086421111,0.47521582898753045,0.15777220583378143,-0.21297366861085815,0.47333972604604546,-0.1337544572180134,-0.17707120997500614,0.08682040184191746,0.19314785488520503,-0.1577424880627502,0.09033869334601544,-0.12885176748068844,-0.10413717112754861,0.022274686654961993,0.18464443632368882,-0.11767109804195217,0.035774092438826254,-0.13314536634162533,-0.3235693385755549,0.031824842467588724,0.20892523047196082,-0.2890843026852338,0.02963037844304625,-0.1844288301314302,-0.29281816958725404,0.024752646206931253,0.25558117061959446,-0.24512874108126842,0.030360163356717963
-0.09687878122307236,-0.23180873582858164,1.3070205042081882,0.1866608579403814,-0.2630528213936727,1.2962067039704097,0.043459081926564995,-0.26901199753682153,1.399089932489094,-0.161512872329391,-0.2234913331951921,1.0441598588947412,0.23398088398206307,-0.24174595854262781,1.0342037477437604,-0.25616619142173197,-0.278994085366879,0.8162661930839825,0.28987022464720447,-0.2976089257325501,0.8014865086300169,-0.0560721071049705,-0.2681174494344652,0.8683746733077983,0.12726060011871954,-0.29345894561746355,0.8665845601047379,0.03514100218084454,-0.2876642922506798,0.8855355512866286,-0.09172208190769351,-0.2404117274848666,0.4761458077717286,0.15784681376093812,-0.21503836312270308,0.4731542294523273,-0.13374668507404397,-0.17976309913374738,0.08854700037874674,0.1931795137630502,-0.1562240557104272,0.08807218914543653,-0.12921526081168855,-0.10273476684507787,0.022461334865902464,0.18550863426208536,-0.11368778736806684,0.03262174707687701,-0.13350903697433558,-0.3225706842090835,0.03200358678087882,0.2091707205171332,-0.2874120633491357,0.028241103836622206,-0.18475913454728438,-0.28995612118310604,0.025318714234572062,0.2558259468076946,-0.24465034907689953,0.028881843708031513
-0.09750630997412735,-0.23490671555748582,1.307042941468409,0.18699831801712685,-0.2631591811105924,1.2962880101805592,0.043530702604705374,-0.26888096036219655,1.3982356969204521,-0.16182135825135702,-0.2228029936142683,1.0431058121490513,0.23436560552416502,-0.24045934735282692,1.0338682760099616,-0.25611017349499626,-0.2833843048071584,0.8161940341393736,0.28963293335738843,-0.2963779157098818,0.8008716132949409,-0.05601204209589653,-0.2640197635751197,0.8689202203976303,0.1267668260148509,-0.2945602505511785,0.8670174019758587,0.03438540627035975,-0.2896366053186802,0.8860058882642311,-0.09259831801404166,-0.24333383089275112,0.47786972102723063,0.1578724001045262,-0.21452125896394775,0.4718778369571121,-0.13470022371338553,-0.18292983085034903,0.08915020145700357,0.19316899665686083,-0.15421496958677378,0.08678756314870575,-0.13020696666322523,-0.10485349755225348,0.022253749919467738,0.18689076471628152,-0.10775842163055027,0.029044898627631367,-0.1340171883143595,-0.3229034955295107,0.0325235781516166,0.2067195243487987,-0.29165256805760825,0.030349700060196355,-0.18542043055670387,-0.2833796701964091,0.022841978632977992,0.25573201753361363,-0.24274915449428952,0.027996217288068385
-0.09783486577703807,-0.24099497878873372,1.3068246631564753,0.1876957245430787,-0.26252668626669257,1.2962928610091242,0.04370667702310514,-0.27108869867643504,1.3967420556683083,-0.16209988750596432,-0.22476654120208922,1.0429012496761128,0.23310401637348488,-0.24578418399939994,1.0338373866680985,-0.2560491918025625,-0.2854326286203696,0.8160913778218885,0.2896764749225878,-0.29332963742069085,0.8005355860513098,-0.056459143023362586,-0.26479459454712895,0.8691544482392569,0.1273479948758265,-0.29115307539108987,0.8665158445487157,0.03538720314455809,-0.2846994032715799,0.8858984914783536,-0.09425356243028146,-0.24841155040110718,0.47893853822000587,0.1579621854989916,-0.21226101999803082,0.4709629481625703,-0.13516545965582774,-0.18330634686894243,0.08754959237178779,0.19322185772820138,-0.1530455323498776,0.08769214873530938,-0.13044106392707155,-0.10635299045320512,0.021315634086135418,0.18752382737111634,-0.10514606597476156,0.028772361680007633,-0.13397174050798777,-0.32263922028028624,0.03224310871708885,0.20334283329003933,-0.2986961501915884,0.03385589155416913,-0.18574369294840715,-0.2833789767910168,0.02173708490168439,0.25431610444485925,-0.24429494875154367,0.029744393785507826
-0.09749553458511441,-0.24375499485385915,1.3060178100050468,0.18744345051996253,-0.26377832162720843,1.2961279661115146,0.04300753506977626,-0.27631608297646204,1.3955047984111584,-0.16227981657162477,-0.22701336386476378,1.0432011703820745,0.23177116933331404,-0.2502584098417385,1.0344998033141324,-0.2557823011796059,-0.28590033807757503,0.8162250178580468,0.2899691659601783,-0.2914721534012389,0.8007032574667665,-0.05640035570957371,-0.26760701930978964,0.8687020664508373,0.12878567544477615,-0.2853861222640881,0.8650542022059754,0.036937261403339694,-0.27888374231541674,0.8849261770918893,-0.09479643667349494,-0.25058603064223667,0.4786904608459374,0.15796200736429783,-0.21060060489140014,0.4709033653573609,-0.13471341872486325,-0.18211381940390553,0.08626189700121684,0.1929719657387287,-0.1527664704295305,0.0894550079983173,-0.12989796166006182,-0.10547581956772012,0.02127285274315544,0.187347118628499,-0.10490505009754011,0.031247178760550408,-0.13380659500344044,-0.3245154046726282,0.032490112798472706,0.20134110273255845,-0.30416680942038027,0.03622769461492923,-0.18607738004809682,-0.29485219656466166,0.02593914529213239,0.25133195359888577,-0.2520714067256318,0.03380589899148152
-0.09738249808734149,-0.24483428024481635,1.3050627445073788,0.1868191104940865,-0.2649269651989243,1.2957810229887472,0.041709812900010676,-0.280573420203337,1.395065435989785,-0.16180104637366494,-0.22535491157103132,1.0437126066153075,0.23191594460967802,-0.24895353318711272,1.0350299473971147,-0.2553005574255396,-0.28455611086614624,0.8161286203386795,0.28982042453515683,-0.29410551591313927,0.8012677662719878,-0.055872913527018536,-0.26822714030125877,0.8677275386730504,0.1291881557533378,-0.2833297520132564,0.8635637470313579,0.0371939643643048,-0.2780675144625097,0.8839868071254062,-0.09405300757084463,-0.24835170131679962,0.4776547251371529,0.15756936163579155,-0.21101471032878927,0.47116212324079026,-0.13435053505397285,-0.18231026177744414,0.0877218689036195,0.19251901719988018,-0.15282076480779339,0.09053350996511338,-0.12977338271841543,-0.10546928265580446,0.02306303703360143,0.18674521222264384,-0.10545671463245562,0.033356856731422774,-0.1343707257670783,-0.33010619001861174,0.03448673363372234,0.2015036841256923,-0.30509205581749643,0.036546126078314284,-0.1867290079510242,-0.3071077667519977,0.031591711828552325,0.24942131690699143,-0.25750571847694503,0.036106083888501755
-0.09780309224900839,-0.2453743597507807,1.3050202365540806,0.1866628346473791,-0.2654478736408352,1.295265459955425,0.04112472948595105,-0.2799525148457666,1.3956488506117175,-0.16085432178798653,-0.22126946467241648,1.0442164766331747,0.23302196367068795,-0.24567001840829672,1.034350409719928,-0.25531106255406355,-0.2795858005497096,0.815234590584652,0.28909439142533133,-0.29982640842532565,0.8015714080538159,-0.056338239095336265,-0.26876413472327854,0.8675621278832546,0.12796091756071326,-0.2874801575279045,0.864006178917497,0.03609068432278789,-0.2817022799551763,0.8841879887340224,-0.09317711538906823,-0.24505410674190403,0.47678541678324843,0.15715736010278047,-0.21256357206953203,0.47169408407171354,-0.1347493854368526,-0.18425993034299892,0.09028714380321874,0.1925812278929817,-0.15260733542224475,0.09030957167677456,-0.1303756732754358,-0.1081594932977143,0.02457491138073143,0.18598570290184102,-0.10745136764788865,0.033665377235092636,-0.1352282435783012,-0.3352587718796517,0.03672698219887184,0.20277369044048021,-0.30114139721020383,0.034989354141077365,-0.18700449529425545,-0.30760280222039665,0.03208537834845502,0.25070477743115754,-0.2530969106123324,0.03391139265177651
-0.09793337750594353,-0.24215988375558123,1.3061947205742204,0.18653015505356607,-0.267453378095147,1.294897187211042,0.041487305947051634,-0.27772355615862715,1.3963896512523006,-0.16073667405607955,-0.22127083144923204,1.044015091235221,0.23378372863410607,-0.24509155364605495,1.0328953926586948,-0.2560165418635139,-0.2718533079753123,0.8137178173807321,0.2884271441356953,-0.30381877523521633,0.8012740586899183,-0.05800090452497862,-0.271368578426679,0.868717635098035,0.1268356069217652,-0.29253767631404953,0.8662211242472811,0.035095226619585015,-0.28536256420937967,0.8850698857429479,-0.09279843511602161,-0.24407914975446726,0.4769490116172994,0.15730156031571585,-0.21343973234963803,0.4726895042281269,-0.13519359096085107,-0.18557069993079928,0.09058619877673482,0.19325398563946916,-0.15216430138327575,0.08890525702870156,-0.1305364930039556,-0.10945305440200742,0.023504316183086793,0.18591571852626992,-0.1090377417296938,0.03280146633313036,-0.13515386981542388,-0.33578279111922016,0.03717658173103158,0.20373628876524097,-0.2954377992064814,0.032597339966148206,-0.1864239337999875,-0.2984109251172514,0.027630168282419727,0.25332294219549784,-0.24513636280375817,0.030021034618947933
-0.09760808766814111,-0.23711504646456716,1.3072141137456144,0.18603395724525307,-0.2695368881318833,1.294893792320583,0.04181702200363838,-0.27896386827190023,1.3959231534529595,-0.16186964453081065,-0.22704355245335556,1.0429395959078955,0.2339146555131727,-0.2463170157463127,1.0321776087803478,-0.25631431077765926,-0.2665710009157241,0.8125711746580381,0.28807767815834273,-0.3043019164820981,0.8010658231486886,-0.05889724156492315,-0.27214261461362754,0.8694657255192798,0.12700603291806878,-0.2925108582407233,0.8669677871632901,0.03500831609582446,-0.28703940291585395,0.8851493997230225,-0.09284516287490056,-0.2459905649931785,0.47822446021850096,0.15775977514198491,-0.21337367590888273,0.4731119726422476,-0.1346961269606608,-0.18470270133264138,0.08887917126296996,0.1938140085955704,-0.15197323559595027,0.08734669416629137,-0.129639577706454,-0.10647259347189889,0.021684485053949182,0.18723153804739862,-0.1068711153458558,0.03160377483953971,-0.13425078577303534,-0.3326611622553584,0.03605325191510826,0.2038491898784644,-0.2938286312119331,0.03170197386624639,-0.185680917034443,-0.29130805200491133,0.024404105033866412,0.2542794236281193,-0.2438084997046735,0.029031827660708213
-0.09776565571959754,-0.23858278177564746,1.3065434251913368,0.18565239037041387,-0.26852438548193847,1.2948777143334849,0.041833649262273065,-0.28104756266231046,1.3945105458226013,-0.16261166005923477,-0.23116115116444286,1.0423039827286664,0.2337507264879803,-0.24720195963897462,1.0326523475788503,-0.25532616650830814,-0.26847259209116175,0.8127735194877325,0.28784072045329656,-0.3030389865985996,0.8015373371527619,-0.05799002292849081,-0.26869465958568617,0.8681859806397141,0.12748878956949122,-0.28881498743695216,0.864501117546459,0.03542114380391657,-0.28722741654271877,0.8842635937531165,-0.09318820449855234,-0.24862633070411638,0.4792288129315546,0.15786611308737653,-0.21356545840132102,0.4717311768478525,-0.13350684147742234,-0.1823898624469676,0.08828173550301453,0.19382104482702756,-0.152439171614427,0.08721631352963405,-0.1288630957329811,-0.10415497586307676,0.022937435312917323,0.1887025169220405,-0.10343483047591395,0.030954189650317942,-0.13391924371922442,-0.32868476561534893,0.0345258068163389,0.20352857873675922,-0.2990633975104301,0.033774266246231914,-0.18551651887744408,-0.2917296996590981,0.025425303157560697,0.25351187424196825,-0.24884098004560712,0.031411821504567825
-0.09849461747919284,-0.24718240194652502,1.3049533950425256,0.18569883200872228,-0.2657959110995263,1.294708274528234,0.042274426972682515,-0.27819278018476484,1.3939278441471954,-0.16155725277308192,-0.22731898341210488,1.0433222167271614,0.23349799015208483,-0.24801556844266803,1.0333178387318727,-0.2537941760274983,-0.2755760249954863,0.8140203085252391,0.2879743157115204,-0.30089507498406665,0.8020319764783367,-0.056824535758842734,-0.2656960779943801,0.8660251761943857,0.12730250989453318,-0.2866499332160704,0.8616399636855521,0.03598140992807301,-0.2850903876115585,0.8837690056669215,-0.09358324207427325,-0.24899075348810135,0.47860489885802954,0.15753352573555057,-0.2147360310501213,0.46958176084973935,-0.13281470092729808,-0.17941590434974897,0.08922123492959885,0.19340659588262116,-0.15402044382382096,0.08887283942991289,-0.12923643128149695,-0.10724197461334714,0.026760446322105162,0.1885401809075553,-0.10426608335055337,0.031599643894422026,-0.13455172420665223,-0.32550043196697936,0.0331427944136424,0.20375115956127082,-0.3048176103190397,0.03626743722250359,-0.18574340846862897,-0.2951787306482136,0.02759156937551219,0.2527346685095101,-0.2530902960056944,0.03385604820970061
-0.09843359630082076,-0.2515024981610716,1.3049270493515697,0.18589899568333945,-0.2649392972501425,1.2949908881888867,0.04320329374665416,-0.27243257976982027,1.394808383786701,-0.159967091446082,-0.2209575561032439,1.0449785444900823,0.23339737226567947,-0.24878357344496999,1.0333840765838431,-0.25306417464598124,-0.28001771791297053,0.8146916428539303,0.28877425597472983,-0.29801012309312913,0.8018105549337629,-0.0567905088977342,-0.2666638708511498,0.865417723510808,0.12700615469316584,-0.2871600371139203,0.8617417807494756,0.03663853478048599,-0.2803060180341006,0.8843190111839125,-0.09376452850956846,-0.24709515931543935,0.47737326071090364,0.15713699223578953,-0.2163618812984034,0.4690540939566109,-0.13303457380341,-0.17594574215403208,0.0890788123249508,0.1929609609735526,-0.15611166301549856,0.09033049152453107,-0.12973296496629522,-0.11068904527312412,0.02817442105018463,0.18756145723752732,-0.10750809239758596,0.03261545203663907,-0.13503206852681804,-0.3244777658587649,0.0324839021133098,0.20498534737368213,-0.30242936162129685,0.03533375757462164,-0.18595661912175587,-0.29637409060394,0.027710538726955933,0.2526945942688403,-0.25274382777606064,0.0338845466514678
-0.09702216972808457,-0.244480014491109,1.3071373535661968,0.1859406921108092,-0.2663332408343944,1.2957908304845271,0.043672429725216774,-0.2706012628457656,1.3959861577900488,-0.160002087045101,-0.22214899032676333,1.0450873574991677,0.2335500074922231,-0.24893150554083737,1.0329402812626447,-0.2535485569527903,-0.27680971988736847,0.8138393776176801,0.2895680031491068,-0.2962173679182234,0.8014418044062878,-0.057145431677328044,-0.26826779622304875,0.8669853364389909,0.12712619781475898,-0.28833828950862245,0.8640987573968114,0.03701002267072032,-0.2765866240830036,0.8851407316567151,-0.09383359232289402,-0.24564213938343693,0.47752862345827923,0.1569965932174744,-0.2174163900681711,0.47038594099217607,-0.13330663032272883,-0.1738449769771669,0.08730168501111107,0.1930763138332532,-0.1564398760577138,0.08946407275780038,-0.12904999442978315,-0.1079363157070708,0.024872323814483496,0.18787524632599856,-0.10707619695464146,0.03231787627253874,-0.1348643135989401,-0.3249099412193365,0.03263728630764159,0.2061358629533509,-0.29444685432039397,0.03206267250925027,-0.1861522705640442,-0.29429716024424457,0.02628744140838165,0.25333025112710383,-0.2486957792657039,0.031988027376262815
-0.09572590272712604,-0.23423315819076068,1.3093151406060195,0.18578916791596994,-0.2680539279118317,1.2961674532541996,0.0433446765307721,-0.27306955616724804,1.396595247404092,-0.16140633917563257,-0.22980793668151245,1.0435120045252497,0.2336497597518672,-0.24954688955932902,1.032101627830433,-0.25466838846455914,-0.2697011531262977,0.8124935825143115,0.28956623552708194,-0.2968645718366944,0.8017303458984087,-0.05697898203100811,-0.26786972959816496,0.8693740020516912,0.12714671935572452,-0.2896453987719139,0.8658926092254496,0.036830239268584655,-0.27725705976839576,0.8855511350486405,-0.0938905034763517,-0.24425991198768743,0.4785922707845504,0.15745114911491687,-0.21697523938178642,0.4713866939766398,-0.1330419557286366,-0.17618750851210602,0.08646381162220866,0.19384749184921113,-0.15465529632357888,0.08730945537647197,-0.12801897764302866,-0.10345507673911805,0.020737977843774444,0.1887606073912897,-0.10530948577418572,0.0314298603419364,-0.13489426133479127,-0.32369533455876986,0.03247205814516688,0.20588812838145948,-0.29138976119206594,0.03094507556049181,-0.18623102720289803,-0.2896821583655378,0.024730923130797656,0.2543667415319669,-0.24421246194185242,0.03020643013279633
-0.09584560249578133,-0.2321591974789019,1.3094557610215491,0.1857297731289107,-0.26847832541375943,1.2958739346805168,0.0429338650361473,-0.2748272912335659,1.396840476799936,-0.16204146658253155,-0.23216499730740436,1.0425532040350904,0.23364961733689232,-0.2508475266045912,1.0310089724262546,-0.2554174693230464,-0.2658697552449276,0.8120922283261969,0.2893141609575319,-0.2981271398292699,0.8021333763911408,-0.05681319533782859,-0.26835836725853823,0.8710663213515434,0.1268483250553467,-0.2908083868013576,0.8664912197000474,0.03648727783802327,-0.2798878594399124,0.8855677625856717,-0.0937409738492027,-0.24040508513900571,0.4788113559644329,0.15853410906029242,-0.21494634932479706,0.47094454527316837,-0.13282738156276408,-0.1822714977495724,0.0876260062049462,0.19439279406908017,-0.15396034348130772,0.0867769605951126,-0.12803118272414465,-0.10472396372511522,0.01999669789065638,0.18773854552010955,-0.10939570126571638,0.03222900613415921,-0.13530038049064552,-0.3212630907290984,0.031874638681815,0.2052498709262549,-0.2941376213759489,0.031937878495825064,-0.18579717790945155,-0.2847708582296002,0.02344179264054036,0.2550256943994648,-0.2428697907530265,0.029726266797136528
-0.0965823164851646,-0.23838992793973507,1.3082847704562672,0.18610271343103263,-0.26683971727434824,1.2959196543843343,0.0427871476486683,-0.27533936600656267,1.3967600645119935,-0.16115975400083077,-0.22398739860705996,1.0435422969358568,0.23405383873338959,-0.24969196624927598,1.0305420933774907,-0.25499334478991537,-0.2672641692700715,0.8126438775267893,0.28990431534547817,-0.2974814914182454,0.8015906197677295,-0.05717606309559455,-0.27092286166407653,0.8713083900557547,0.12687681707069104,-0.2900966143525047,0.8672095335245275,0.036267089342153086,-0.28063064334384913,0.8852298334479333,-0.09351260905964023,-0.23688288644039557,0.478805359511767,0.1593877229236479,-0.2126824104501387,0.4704713451222673,-0.1332011525305848,-0.18639321318999807,0.08852207062020956,0.1941584179665054,-0.1554188533749497,0.08795062686764367,-0.12851791636423493,-0.10795622645076175,0.02135703013269694,0.18532889480964088,-0.11659529220389764,0.03428740894224087,-0.1349221692976565,-0.32246580819868337,0.032678353946374604,0.20627175627480504,-0.2930909694409568,0.030671646838002692,-0.18485413555080688,-0.28453793101765734,0.02331893217387341,0.2548966904593434,-0.2442543250222577,0.02965075508035449
-0.0966581836583584,-0.24461656827672462,1.3074110630374713,0.18674461908209816,-0.26443869126696384,1.2966239469520136,0.04251477872123802,-0.2783106708285586,1.3960416993884626,-0.16020430255263884,-0.21483323624961542,1.0449406222488613,0.23490335819618802,-0.24507511954443112,1.031477905559635,-0.2538531613824282,-0.2703505688407958,0.8133937377762058,0.2909663735301487,-0.2956628173141896,0.8004559567247373,-0.057621551524188235,-0.27141015536450785,0.8703673485245526,0.12746312712444052,-0.2877544712217573,0.868287689893496,0.03595186526260811,-0.2804024334426522,0.8848166846861091,-0.09359512179486831,-0.23910011597420117,0.4799758339045074,0.15920670305955748,-0.21158454884722516,0.47125013166331153,-0.1337397549614237,-0.18502333884823807,0.0876436667449637,0.19375534746970174,-0.1553689296572689,0.08811893061739531,-0.1285421934805277,-0.10652820865272175,0.021611384619747126,0.1846166380410713,-0.11701051240000532,0.034675629461761975,-0.1336327226535894,-0.3281789896356813,0.035265561912421806,0.20779154211822404,-0.28741970099117514,0.02735581113106885,-0.1841625426625666,-0.2915464905558079,0.025454416537672872,0.2545980528380438,-0.24399623205394977,0.028394503713799778
-0.09642262956869198,-0.24560083601218996,1.306933491212804,0.1871224003226396,-0.26409719247131747,1.296854429022439,0.04214044696362089,-0.28344351992851374,1.3950178479814728,-0.16043187426080607,-0.21569083076074924,1.0448907469393371,0.23541650353453503,-0.24222505979567754,1.032998407231712,-0.2535597210624952,-0.27195433549918485,0.8140915633023453,0.2909409932227741,-0.2959160278931063,0.8002283872138671,-0.05785845649638634,-0.26821807158157024,0.8695243903316998,0.128006239657187,-0.28695632660748177,0.8685845160885953,0.03560943564354132,-0.2819728023534721,0.8851466485120959,-0.09374039493515539,-0.24505093926579857,0.48098074953352815,0.15859786318059427,-0.21122622082260728,0.4724918387573803,-0.1339665698429518,-0.18193976913525572,0.08676156888822674,0.19362028812317406,-0.152399581710565,0.08670467131232369,-0.12905353340190123,-0.10542323287741351,0.021470722471610377,0.18643292907408043,-0.10956107206339213,0.032530444290255686,-0.13318595520562065,-0.3326725252456009,0.037113132547476654,0.20625457597821423,-0.28856323455286714,0.027620215325031686,-0.18445193076450683,-0.30070643200378727,0.02883451672009388,0.2544765310885897,-0.2410678298610116,0.02629032737098927
-0.09675636451918693,-0.24368838119334668,1.3064222794767235,0.1871947948203408,-0.2657949360207998,1.296174717515878,0.04216198984977159,-0.2863263661753103,1.3945805119489711,-0.16111481573958963,-0.2226944542119939,1.0438794669788072,0.23528963710494794,-0.24497712311962644,1.0334078977881256,-0.2544501747174466,-0.27180654761460854,0.8146121596107417,0.289644054377665,-0.29916114292157076,0.8011668631752136,-0.058140385031845,-0.26651899409609453,0.8699716241206774,0.128197312196485,-0.2884110350166907,0.8679138621454192,0.035659739073628204,-0.28430258571218003,0.8862145890903806,-0.09347471890796442,-0.2478953153893651,0.48009202596467265,0.15866804282104402,-0.21020475025801594,0.4729490009122417,-0.13408802050426288,-0.18178633182534615,0.0873253218166779,0.1933550442460742,-0.15121100319932407,0.08618519084090115,-0.1306795703522099,-0.11020796202089933,0.022499759437378218,0.18861148956934692,-0.10231030314226142,0.03005569237464817,-0.13420423864242953,-0.33154248352622023,0.03630914412994808,0.2022705524586998,-0.2981234728168543,0.03207739468553049,-0.1853266664169273,-0.30431023114185873,0.03060817200010342,0.25408881826189295,-0.24022678683970466,0.025636365278072733
-0.09727626789097034,-0.24431684979213575,1.3065245022476937,0.18752462422709643,-0.2656953632658132,1.295959384104961,0.04253771184954776,-0.2851921930434368,1.395172071441654,-0.16056068577110105,-0.2215558925267671,1.043612268311565,0.23532774443874277,-0.24913006159974838,1.032130522300347,-0.25472788520092976,-0.27077141694977575,0.8144287939749127,0.2889008387300493,-0.3023227443388946,0.8016249562014558,-0.058378545650002514,-0.27132987965629235,0.8716680628817052,0.12844965552252757,-0.28845597420081204,0.8676691866721943,0.03604298649395434,-0.2840141814865092,0.8865436417955266,-0.09316013562183222,-0.24629594848860958,0.4787429616720738,0.15936193981540392,-0.20811774949699174,0.47272460441723485,-0.13442828814118568,-0.18286880030806807,0.08752249940039648,0.1928402237833124,-0.1563095352751523,0.08804290667270415,-0.13151806049924775,-0.11242920317253052,0.02211969634746052,0.1895379678065,-0.09939468375288513,0.029087470045176065,-0.13466348114580728,-0.32621655178935804,0.03374993746820242,0.20158793086391485,-0.30017757129198286,0.03329735519444335,-0.1855069243743197,-0.3002844412235673,0.028848451318084344,0.2534253720757946,-0.2453092717072033,0.028028255965664908
